did,handle,reason
did:plc:mcb6n67plnrlx4lg35natk2b,nowbreezing.ntw.app,"Usually contains NSFW keywords in alt texts, used to always appear in feeds whenever @new3rd.bsky.social and gang post the same article with some wording variations"
did:plc:om2ttmoe5t7py2jqiii5mvj3,bbcradio1xtrabot.bsky.social,"Sometimes posts a song called ""Where Love Lives"""
did:plc:wlqajpffxdzotugoqqibtymv,bbcradio1dbot.bsky.social,"Sometimes posts a song called ""Where Love Lives"""
did:plc:huey5xufsv67u3fmmtatj2ox,adoptapet.bsky.social,"Sometimes posts dogs needing adoption from some organization called Let Love Live"
did:plc:pij4o4mdigys6maqfrkg3yha,solidents.bsky.social,"Posts about unrelated rock music festival named Official Love Live Festival"
did:plc:xgqcuctacjwf2ve36egxkl4w,radicallovelive.bsky.social,"Religious podcast not related to the anime series"
did:plc:lvb3dzo3zfcxhjcx576zbsqc,adoptabledogs.bsky.social,"Sometimes posts dogs needing adoption from some organization called Let Love Live"
did:plc:6vwzq6ohuaspqpg3sa6ebsgw,new3rd.bsky.social,"Low quality news articles, has sister accounts posting the same article with wording variations and that have ""„Éã„É•„Éº„ÇπÔº†Áõ∏‰∫í„Éï„Ç©„É≠„Éº100%"" in their display names as a way to manipulate trending algorithms"
did:plc:smdkfx7db3pbvkdfwidns4rv,discover.sinkan.net,"Books and merch bot, usually posts stuff from the same franchise in 1 big batch"
did:plc:fvxadjtvukbhdaslbiih3r2p,arxiv-cs-cv.bsky.social,"Some posts mention an IRL researcher named Keke Tang"
did:plc:sxbfu7giy35hcpekhb7khwer,inbella.bsky.social,"News articles containing ""love lives"""
did:plc:g4ejbuyzeirjfkdmfctazzno,jaya2004khare.bsky.social,"Posts links to laughlovelivelife7777.wordpress.com"
did:plc:yux4uerluhc7swy5cmqteuxv,colofultn1.bsky.social,"Seiyuu photo book bot posting the same links regularly"
did:plc:3ss3yn2jx5kvde3sx6nyiaqz,tsubodaisuki.bsky.social,"News bot posting unclickable news.google.com redirect links"
did:plc:mg4pvv3xwuiuqsco52mmnxrz,tokyo-days.bsky.social,"Low quality news articles, related to @new3rd.bsky.social"
did:plc:5eooa77dimbvzljslztsk3ub,osakadays.bsky.social,"Low quality news articles, related to @new3rd.bsky.social"
did:plc:4vdvxnm73udkdxih5x53kvec,765cover.bot.akizuki.best,"Only mentions some LoveLive! song names, no real contributions to LL topics"
did:plc:s6przdabja4ozvcyuhdmhncz,taiga874117.bsky.social,"Frequent NSFW/R18 AI generated art"
did:plc:44ulgmxzetvuqnz7k7qvb6av,chieri2uma.bsky.social,"Frequent NSFW/R18 Koikatsu screenshots"
did:plc:5ofr7negc5ha4hwd3grr77f4,nomoths.bsky.social,"NSFW moth OC named Liella, completely unrelated to LoveLive! Superstar!!"
did:plc:zrcclhtshqswraypjdpw67i7,fantasystudio.bsky.social,"Pr0n streaming links"
did:plc:tvtcyo4bl2f42622mj6tvkwe,darlin02.bsky.social,"Some Japanese sex salon with an IRL Minami Kotori"
did:plc:nkied26dricqnrasgwae7kb6,rec.macchatea.net,"DVR recording log bot"
did:plc:vcndxpp6qe42afcrmaitt5sd,tdr-now.bsky.social,"Bot that republishes ùïè/Twitter posts with the hashtag #TDR_now"
did:plc:mlkp2imgbdkalbip6ypy6tqt,trendingkorea.bsky.social,"Usually appears in feed due to posts with relevant hashtags by @primaryneso.bsky.social or without a language"
did:plc:etkadjdby46s2skc4shoxp6q,Android.activitypub.awakari.com.ap.brid.gy,"Posts links to modded/hacked Android apps (EN/RU)"
did:plc:ovd3spwrgirafrqrosdmm2xv,mad-holy.bsky.social,"NSFW trash talking about anime characters including LoveLive"
did:plc:zpkinwklssnhqzdfozk4dlkp,feda1.bsky.social,"Spams repeated blog post links containing ""love lives"""
did:plc:3mfoo5fazp44owfv4kc3rq46,sakurauchisings.bsky.social,"NSFW Riko roleplay account"
did:plc:o236pw6sfuamjd6wpmo5ja2b,parmijohn.bsky.social,"Repeated screenshots of posts by some Threads user with sexy profile pic named miataylor1991"
did:plc:a3ul5q5rkrk4im4sesowx4b3,potato.software,"Satire bot that republishes posts by random people"
did:plc:dvxbc7qhvo7c2vf3pmzmswd6,Solovon.dill.burggit.moe.ap.brid.gy,"(SUSPENDED) Frequent NSFW/R18 artwork"
did:plc:4zyfyurz3fam43cmh7cl5tg4,modtier.bsky.social,"(SUSPENDED) Bot posting links to modded/hacked Android apps, keeps getting suspended"
did:plc:l52qofzbkyr2mqqd26dhnqpz,modter.bsky.social,"(SUSPENDED) Bot posting links to modded/hacked Android apps, duplicate of @modtier.bsky.social"
did:plc:abjktx5ah5vjzjeqislghpss,netmarkjp.bsky.social,"Posts about cloud services with the word „ÇΩ„Éñ„É™„É≥„ÇØ„É©„Ç¶„Éâ (""sovereign cloud"")"
did:plc:byokw4et622c2yxw7btf2wha,sillyass.bsky.social,"Frequent NSFW/R18 artwork, some aren't marked with content warnings by author"
did:plc:vbcok3tmwoejoozj4nn27qpa,nidohome.bsky.social,"Some random furniture account posting works by Sifas (not the mobile game)"
did:plc:w2tnc7phu3comxxiiidhbfnc,jelnijel.bsky.social,"Random goods bot with tinyurl.com links in both URL and hashtags"
did:plc:ai3zil33cuz53cbkwxwwih56,ailoveart.bsky.social,"Frequent AI-generated NSFW/R18 artwork"
did:plc:cwzi7yn2centoqt3bil45vrn,lovelivelocal.bsky.social,"Unrelated small business advocacy group from Cape Cod area, Massachusetts, USA"
did:plc:c3t3bxi5idcoz4gxoav2tfai,apksomo.bsky.social,"(SUSPENDED) Bot posting links to modded/hacked Android apps (JP), keeps getting suspended"
did:plc:5yyqdgmun7oa2jcvjf326bov,apkmod.bsky.social,"(SUSPENDED) Bot posting links to modded/hacked Android apps, duplicate of @apksomo.bsky.social"
did:plc:cmxruxdimdcsy7f4egrwa55q,al21ex.bsky.social,"Misuses #lovelive to promote their own merch completely unrelated to the anime series"
did:plc:rnxqp5kekxaw3mu3a4d4mj4c,bayashimura.bsky.social,"Repeated usage of „Çπ„ÇØ„Éï„Çß„Çπ for ""Scrum Fest"""
did:plc:o227mqf2udooqlyn2i4dzpkg,patty--m57.bsky.social,"Repeated posts containing ""love live"" with links to live recordings of classic rock songs"
did:plc:7lmaeywdjrkvpp5dvzy2uwln,aichidays.bsky.social,"Low quality news articles, related to @new3rd.bsky.social"
did:plc:rpt54tm6znn42azj24afzq77,chibadays.bsky.social,"Low quality news articles, related to @new3rd.bsky.social"
did:plc:4ibpkxnmg5xsfzaridijhrw5,hokkaidodays.bsky.social,"Low quality news articles, related to @new3rd.bsky.social"
did:plc:biplexewwns35xgbta37oynv,kanagawadays.bsky.social,"Low quality news articles, related to @new3rd.bsky.social"
did:plc:kp6wlb6xdizbgtaj4oaujx64,hiroshimadays.bsky.social,"Low quality news articles, related to @new3rd.bsky.social"
did:plc:nt5vl7wsq22bkfhhtojavhno,hyogodays.bsky.social,"Low quality news articles, related to @new3rd.bsky.social"
did:plc:4rffyanupza3s5nxz6t3rvm4,kyotodays.bsky.social,"Low quality news articles, related to @new3rd.bsky.social"
did:plc:vi6yzjvkixrneajke6bv5o4e,miyagidays.bsky.social,"Low quality news articles, related to @new3rd.bsky.social"
did:plc:vdn2uoklwqyk2oj4mim5ojjl,niigatadays.bsky.social,"Low quality news articles, related to @new3rd.bsky.social"
did:plc:5rl35uwncek63brndmo6cedm,saitamadays.bsky.social,"Low quality news articles, related to @new3rd.bsky.social"
did:plc:73sacp4f3xeamvuzhzyehcdu,shizuokadays.bsky.social,"Low quality news articles, related to @new3rd.bsky.social"
did:plc:e3hgsmbkipq2hu5fe3baeb6l,wakayamadays.bsky.social,"Low quality news articles, related to @new3rd.bsky.social"
did:plc:dljewdwu4qwi3t32eoesoafv,glasgowwestend.bsky.social,"Repeated irrelevant posts containing #lovelivemusic"
did:plc:rkdrwnvnvqv3nzovoo4p37yy,musicjocee.bsky.social,"Low quality news articles, likely related to @new3rd.bsky.social"
did:plc:pbgjxue3c3mak2pqccwak6ce,iromamebeans.bsky.social,"Low quality news articles, likely related to @new3rd.bsky.social"
did:plc:pjcek5qaoamijpmedlmbzwrg,ladytopi.bsky.social,"Low quality news articles, likely related to @new3rd.bsky.social"
did:plc:gp2uh5ft6quwaxscnn5ue4ug,beemato.bsky.social,"Low quality news articles, likely related to @new3rd.bsky.social"
did:plc:oxp6vrs5z3txrobaokgwhjwz,mamajocee.bsky.social,"Low quality news articles, likely related to @new3rd.bsky.social"
did:plc:oyonyjfhesmuwg4dptks5z2c,exilefamjp.bsky.social,"Low quality news articles, likely related to @new3rd.bsky.social"
did:plc:qgoyqexd6bh5ftkyc7quzsbc,marryjocee.bsky.social,"Low quality news articles, likely related to @new3rd.bsky.social"
did:plc:xylsnbqwek3wlk7blowskz5e,johnnysjocee.bsky.social,"Low quality news articles, likely related to @new3rd.bsky.social"
did:plc:b4nxdtkio2vqjfoy24fp36lc,jocee201405.bsky.social,"Low quality news articles, likely related to @new3rd.bsky.social"
did:plc:h54uk2py46v7pm6z3twvs3uc,matomame3.bsky.social,"Low quality news articles, not to be confused with the real matomame.jp, probably related to @new3rd.bsky.social"
did:plc:vhbxj43tzvnuenspkj4ue7l3,gamematomame.bsky.social,"Low quality news articles, likely related to @new3rd.bsky.social"
did:plc:unmy5k5dqxolrq6noaqomvpg,rdh27785.costodon.social.ap.brid.gy,"Bridged Mastodon account of @rdh27785.net, usually posts same stuff on Bluesky account"
did:plc:qi3gnofwnsup6xg76hm5zyul,goojajbooj.bsky.social,"Frequent NSFW/R18 pics, some aren't marked with content warnings"
did:plc:hfcoju34m3sx2dsxh2vrxpd4,tsujizen.bsky.social,"Frequent NSFW/R18 artwork"
did:plc:etjxnuoeyyajyy6rt5npwwz7,zmedia-en.bsky.social,"Article summary account, posts en.twitren.com links instead of link to original article"
did:plc:7c2lvge4tkxtlrxnno6rkd36,zmediaen.bsky.social,"Article summary account, posts en.twitren.com links instead of link to original article"
did:plc:tf4mbfsnz755hh4rwlx5ylqa,zmediagame.bsky.social,"Article summary account, posts zmedia.twitren.com links instead of link to original article"
did:plc:uyo3bxqiioqsug2thlcozp3i,naninunee.bsky.social,"(SUSPENDED) Article summary account, posts zmedia.twitren.com links instead of link to original article"
did:plc:duei27mqc25lvxiejq74wpio,zmediabitcoin.bsky.social,"Article summary account, posts zmedia.twitren.com links instead of link to original article"
did:plc:aopw27zn3c2yncadyurgcarv,zmediadoramaeiga.bsky.social,"Article summary account, posts zmedia.twitren.com links instead of link to original article"
did:plc:babjzsaq7srf6an3b7qsrwza,zmediasakamiti.bsky.social,"Article summary account, posts zmedia.twitren.com links instead of link to original article"
did:plc:vyttidefrrgmmsy2eqy7s75q,zmediasnowman.bsky.social,"Article summary account, posts zmedia.twitren.com links instead of link to original article"
did:plc:alfw3jewklqn5jy3pktrlqau,ooc-hmhn.bsky.social,"Sometimes posts pics submitted by ""himeanyojii"""
did:plc:re3v3efkkenazsiy4hv7rhnm,eksenbot.bsky.social,"Sometimes posts a song called ""Big Love Live"""
did:plc:u3daglfar4guemz7apw2a773,bookcomic.bsky.social,"Posts have #ad in them despite posting real amazon.co.jp links"
did:plc:rwphekefz72zywp4xsf6uaud,scrollx.bsky.social,"(SUSPENDED) Bot posting NSFW/R18 artwork shared on Gelbooru"
did:plc:462k2onbtwlhcphxjdev7spp,mikubot.bsky.social,"Posts only Hatsune Miku artwork, some are AI generated/NSFW"
did:plc:qaqaojubotg52wrq2o5qgwf7,thegrindstone.bsky.social,"Frequent posts about live music and song names ending with ""Love"""
did:plc:hslirr7h6d7livppaxty435b,newsen.bsky.social,"English counterpart of @new3rd.bsky.social"
did:plc:b255jbhu3iu6wl3emylq4yua,iroquoisdomi.bsky.social,"Dedicated NSFW/R18 artist"
did:plc:hlgpc5h3ejodneuvpwlnhxyb,theoriginalfact.bsky.social,"Misusing #lovelive to share completely irrelevant blog posts"
did:plc:cnnp4j5uz3ryseeqcxm66ljm,mugiwarakid.bsky.social,"Dedicated NSFW/R18 account marked with ""porn"" label by Bluesky Mod Service"
did:plc:twvxs4mvu4ym73pv7jp6ccho,zisuk.bsky.social,"Frequent NSFW/R18 AI generated art, some posts not tagged with adult content labels"
did:plc:4ka5efijilmhrqgvyi4rk2mp,modamasculina1221.bsky.social,"Misusing random hashtags in posts promoting men's clothes"
did:plc:7ramn2fzzjzvzhbozrlo6lvs,rudovillano.bsky.social,"Frequent NSFW/R18 artwork"
did:plc:6rjuzclfpmrznugxebxxprwq,anime-game.bsky.social,"Article summary account, posts anime.f-frontier.com links instead of link to original article"
did:plc:abdj6zdyjhs4pn54jefzm3bt,geino-entame.bsky.social,"Article summary account, posts ent.f-frontier.com links instead of link to original article"
did:plc:egxfsskisy2au3pt7lbzuqqd,sakamichi-oshi.bsky.social,"Article summary account, posts sakamichi.f-frontier.com links instead of link to original article"
did:plc:wkorj6lswe56faimd4q5xrrj,hobby-channel.bsky.social,"Article summary account, posts hobby.f-frontier.com links instead of link to original article"
did:plc:l4wis2eiczimtt62vc6xbwnk,kabu-channel.bsky.social,"Article summary account, posts stock.f-frontier.com links instead of link to original article"
did:plc:5oep77qosmcnhj3qaeeltlqk,beauty2you.bsky.social,"Article summary account, posts beauty.f-frontier.com links instead of link to original article"
did:plc:mizko6pjfee2vtpawa3grrqk,news-it.bsky.social,"Article summary account, posts it.f-frontier.com links instead of link to original article"
did:plc:di656qp47spa36uhfl4aqxhj,train-train-train.bsky.social,"Article summary account, posts rail.f-frontier.com links instead of link to original article"
did:plc:kdxeakvxdx6gv6xms3q7ihwp,cherryhentai.bsky.social,"Posts about hentai manga"
did:plc:5sjxhn72wh7k7xwh57jahkyt,iori4kage2.bsky.social,"Dedicated NSFW/R18 3D artist"
did:plc:fr7opmhqmflxw6u6iqujygm4,momentsinporn.bsky.social,"Sometimes posts pics of porn star named Mia Taylor"
did:plc:tucx62pxbufq7pxyuem3dpvp,shadowjk.bsky.social,"Frequent NSFW/R18 artwork"
did:plc:6ou72xnc3dpftaqjyqpy5a3r,eardrumbuzzradio.bsky.social,"Repeated posts about Friday I'm In Love live radio show"
did:plc:k43ha6nlknmdw4owymqnvcat,hourlybreezing.ntw.app,"Hourly version of @nowbreezing.ntw.app"
did:plc:fpr4gwevpcw5piz4zucnj4pi,spookyspookey.bsky.social,"Uses ""love live"" in alt text of naked men pics"
did:plc:lfadqcgakegd5qjudmblkpuc,s888403.bsky.social,"Dedicated NSFW/R18 artist"
did:plc:pk5nq3gedpdb6xedfeobsm52,fetchfeeds.bsky.social,"RSS aggregator bot posting fefd.link redirect links"
did:plc:7tjo3rww2brkc6kbnpqd2tkj,hacknotice.bsky.social,"Account posting daily hack notices with broken hashtags"
did:plc:iyfkopmhikrkz3hvf2rvbupg,nyu-tgc.bsky.social,"Posts about some random player named Aqours"
did:plc:z4ghe5aq62zigroqtr4eykye,fumio-art.bsky.social,"Dedicated NSFW/R18 artist"
did:plc:3lgqu2ktphgrtr437p2hnbs3,royalfreecharity.org,"Posts about a social event hosted by Love Live Italian"
did:plc:p47bzuafqo3iz36row32zmch,tvrecorder.bsky.social,"DVR recording log bot"
did:plc:kzhkeb2j332fnmcuei7heeke,warumonogakari.bsky.social,"Repeated usage of „Çπ„ÇØ„Éï„Çß„Çπ for ""Scrum Fest"""
did:plc:ql5zxjqn2gsohzwpt3f3e4om,yesnobut.com,"Repeated usage of „Çπ„ÇØ„Éï„Çß„Çπ for ""Scrum Fest"""
did:plc:ivg56ioih4ip2ou6yq7xnbrd,greyskydawg.bsky.social,"Repeated posts with links to facebook.com/iloveliveblues"
did:plc:v2ledgawkjxwx37abkbcmz3s,fujisawacomic.bsky.social,"Frequent NSFW/R18 artwork"
did:plc:re73unbwlyb3vw37z7md2ncj,tavorm.bsky.social,"Dedicated NSFW/R18 artist"
did:plc:heugqx2jz46xcawpfj3mivo6,nhaamaless.bsky.social,"Artist making NSFW/R18 edits of other people's artwork"
did:plc:stsyr456vdi7tmuydsovmfir,manamk2.bsky.social,"Frequent NSFW/R18 AI generated artwork"
did:plc:vvar5xob6fptxmvxm23tab2t,amazinglytantric.bsky.social,"Dedicated NSFW/R18/BDSM artist"
did:plc:oneknszl7zqrw5sffo7kt3vi,jstyx666.bsky.social,"AI generated artwork of pregnant anime characters"
did:plc:slcdgcyxqzgpsiineiktdoou,mintedworks.bsky.social,"Dedicated NSFW/R18 artist"
did:plc:u3dcnrebzlxv35vakw46c5mi,morisu.bsky.social,"Dedicated NSFW/R18 artist, mostly drawings of anime characters with inflated boobs"
did:plc:nyaac3qfgxyt3e7vtg2op2cw,phoonq.bsky.social,"Posts links to phoonq.com news aggregator site instead of original articles"
did:plc:omkglsvn2z5jwarptvskmm6x,palindrome-bot.bsky.social,"Bot publicly mentioning random users if they posted a palindrome word"
did:plc:777jvlpc6a6lsp4gr7kwujki,thegrapesbath.co.uk,"Repeated posts containing ""Whether you ... love live music"""
did:plc:r7ypi3rzfuz2acpta5wgzugm,nsfw-bot.tlapalli.itzti.li.ap.brid.gy,"Bot posting only NSFW pics"
did:plc:msian4dqa2rqalf3biilnf3m,europesays.bsky.social,"Posts mostly low quality articles, has some articles written by an IRL Mia Taylor"
did:plc:gmgnk4yersgiycu5uwxm2tlt,dgoldradio.bsky.social,"Local radio station sometimes posting ""love live music"""
did:plc:yrqpaycsuq4w5lgizofcnylx,geemato.bsky.social,"Sale alert bot posting links to geemato.com instead of the actual store link"
did:plc:4blrmp7y3efj2o7q4byl3lgz,breakingdog-en.bsky.social,"AI generated articles and pics"
did:plc:54eikgx67i4j5jbbgubqdp6z,sophiebreastmilk.bsky.social,"Dedicated NSFW account with frequent nudity and milking"
did:plc:y7lg4gx6zjqghv4seycw45sf,kurolewds.bsky.social,"Frequently republishes NSFW/R18 artwork by others"
did:plc:gzgepwifrnwperdcqpvtjbxs,ssss3942re.bsky.social,"Frequent AI generated artwork with some NSFW/R18 art"
did:plc:rjafkcklfgf4brbxres7fmxl,white-ayase.bsky.social,"Dedicated AI artist with some NSFW/R18 artwork"
did:plc:zyicjeqxbzmvucsygnclwemn,neuralnetwiz.bsky.social,"Dedicated NSFW/R18 AI artist"
did:plc:vtvibf4jsk6uvsiwt25ghnnn,deuxboi.bsky.social,"Dedicated NSFW account posting uncensored gay sex"
did:plc:muzjo7cuolqxozqn2uedxm7h,toriningen3.bsky.social,"Dedicated NSFW/R18 artist"
did:plc:g66syanjtgrdebsbhwp5i4z7,kalermifune.bsky.social,"Dedicated NSFW/R18 artist"
did:plc:dlem3m2i77iffeidvjygce54,yyyb.bsky.social,"Dedicated NSFW/R18 AI artist"
did:plc:yw6lvmvp5mfkme5tyghix23i,scrollx-org.bsky.social,"(SUSPENDED) Alt of @scrollx.bsky.social"
did:plc:xp6virul6dlac7fbwmejrup7,waifualert.bsky.social,"Dedicated NSFW/R18 artwork bot"
did:plc:sazyimgcikun5555yias5rr5,tokyotrendnews.bsky.social,"Low quality news articles and websites"
did:plc:x6t4bd5lb57xxrojl2u7zqev,ryd3rtyme.bsky.social,"Repeated posts containing ""show some love LIVE on streams"""
did:plc:xvadbt5y2uuyaw4nhioghch4,brainjel1000.bsky.social,"Random goods bot with tinyurl.com links in both URL and hashtags"
did:plc:yzuyvbtxirmxupm36jrhkcwz,mm-ansa-bot.bsky.social,"""a-rise"" substring in URLs"
did:plc:qlbcbxs5lems6o5e3c4hsdmt,bbcradio2bot.bsky.social,"Sometimes posts a song called ""Where Love Lives"""
did:plc:mga7joc2y7pmgamxobt3mllx,capitancervantes02.bsky.social,"Frequent NSFW/R18 AI generated artwork"
did:plc:dmuimesvr22ogainjfr2sr5i,coleccionmmoret.bsky.social,"Random old engravings, some of them NSFW"
did:plc:ggjov4zyz7sb4gw7uawysrfo,emiya061128.bsky.social,"Frequent NSFW/R18 AI generated artwork"
did:plc:lqqfk3rju3ub26tdeelqwob5,yuta753.bsky.social,"Dedicated NSFW/R18 artist"
did:plc:b2pbbjx425rnw255ackhbbsb,xiaoyouyouyou.bsky.social,"Dedicated NSFW/R18 artist"
did:plc:5nbufxtwmptkw4amswfcdwti,cerrechiyu.bsky.social,"Dedicated NSFW/R18 artist drawing anime characters in bondage"
did:plc:ako6hbsfyrgosj3a6zirxsei,sreir18.bsky.social,"Dedicated NSFW/R18 artist"
did:plc:pnv4k46gketqqjfsklwhkhfe,yukirit.bsky.social,"Dedicated NSFW/R18 artist"
did:plc:ykrwl2dbcgewwyjqyvx3yhfl,makaroppai.bsky.social,"Dedicated NSFW/R18 artist"
did:plc:26y2ex3fwh454exb2d7c754h,nekoinu90.bsky.social,"Frequent AI generated artwork with some NSFW/R18 art"
did:plc:fgnfqcrzava75dhzlhebav6q,iggycpu.bsky.social,"Dedicated NSFW/R18 AI artist"
did:plc:3s5psru3hduvhsfaetqa334g,muzzlehime.bsky.social,"Dedicated NSFW/R18 artist"
did:plc:fznyci4aowzjv77dhvnifyyi,pcpcdenimfes.bsky.social,"Dedicated NSFW/R18 artist"
did:plc:w75lzaynqssjjtms5x5fwknw,nightzone.bsky.social,"Dedicated NSFW/R18 artist"
did:plc:p2bssolmhsxjlbcgg75fnl23,soundcheckent.bsky.social,"Promotes live music events with #WeLoveLive"
did:plc:z57utqz4btsx22qlksspxosc,arachnereid.bsky.social,"Posts artwork with ""sea-rise"" in alt text"
did:plc:wsajfpa2ivb26j65j55gqtpc,amatimesale.bsky.social,"Sale alert bot posting links to 5leaf.jp instead of actual Amazon.co.jp links"
did:plc:pwulbd4luduxjsdhbylismds,amasmashhit.bsky.social,"Sale alert bot posting links to 5leaf.jp instead of actual Amazon.co.jp links"
did:plc:oag62syeramadgfv57dlk2vr,amaebooknew.bsky.social,"New book alert bot posting links to 5leaf.jp instead of actual Amazon.co.jp links"
did:plc:meagizgywewdn2olqintyfjt,amaebooksale.bsky.social,"Book sale alert bot posting links to 5leaf.jp instead of actual Amazon.co.jp links"
did:plc:tsut27p3sauvbzc2hodtvvfj,5leaf-ebookpickup.bsky.social,"Book preorder alert bot posting links to 5leaf.jp instead of actual Amazon.co.jp links"
did:plc:7pzlgtbxmh3q3sbd3tzmgkgb,downloadgamefan.bsky.social,"Video game sale alert bot posting links to 5leaf.jp instead of actual store links"
did:plc:cbrwv3knlnbg6mvpdzlrnlb7,kinokuniyanew.bsky.social,"New book alert bot posting links to 5leaf.jp instead of actual kinokuniya.co.jp links"
did:plc:lrq6phla3l7ef24s2l6pnl2q,kinokuniyasale.bsky.social,"Book sale alert bot posting links to 5leaf.jp instead of actual kinokuniya.co.jp links"
did:plc:btuitok6h7s6e5qu4frhxwbw,bookranking.bsky.social,"Book sale alert bot posting links to amasale.newif.net instead of actual store links"
did:plc:phclitwnjbl72drbkxrahlij,amararefigure.bsky.social,"Figure sale alert bot posting links to 5leaf.jp instead of actual Amazon.co.jp links"
did:plc:dkaajwurwdfufh344tyicnsb,amarareitem.bsky.social,"Sale alert bot posting links to 5leaf.jp instead of actual Amazon.co.jp links"
did:plc:fpi2b5qchgvovzsw7j22copt,amararegame.bsky.social,"Video game sale alert bot posting links to 5leaf.jp instead of actual Amazon.co.jp links"
did:plc:gfbcxy2f6rmyku6fdwmhct7b,amasalegame.bsky.social,"Video game sale alert bot posting links to 5leaf.jp instead of actual Amazon.co.jp links"
did:plc:jzkfcqrzgbmx7hlf2ilxpycc,abosz007.bsky.social,"Repeated usage of ""lovelives"" in pic alt text"
did:plc:rtkhbthj5xe6uahoagc5fxhj,mastrcheap.bsky.social,"Posts about a random player named Yousoro(71)"
did:plc:j2nkiuq5tmgqct5kvp7f6ekh,stevenash71.bsky.social,"Posts pics of moths whose species names contain ""liella"""
did:plc:cajwpng2n754wtyowroxh4k4,concertshub.bsky.social,"Posts stuff about live music events completely unrelated to LoveLive"
did:plc:r2pbxgicfwvpdfu5c25qwi27,stoneheart.behind.camera,"Someone's alt account with request in bio to not follow account"
did:plc:lpsubkdmdlrzaqysjzxjdtll,nekorobi-shumi.bsky.social,"Sale alert bot posting links to shumi.nekorobi-ikuji.com instead of actual store links"
did:plc:amskugcdwrfc6ti557hcrbfu,kozukiaimg.bsky.social,"Frequent NSFW/R18 AI generated artwork"
did:plc:qmp77omfs5frzn77calskk7k,scrollx-hentai.bsky.social,"Alt of @scrollx.bsky.social"
did:plc:hpkpsueipzcpj35a4o3vhluz,portlandbirdobs.bsky.social,"Posts pics of moths whose species names contain ""liella"""
did:plc:nvfff3gehj5rdtqt37iojzad,slicksexyshiny.bsky.social,"Dedicated NSFW/R18 artist, also republishes art by others without posting source, some aren't marked with content warnings by author"
did:plc:2ptftoh4ivj3f5hh3bvyze6k,non-win92.bsky.social,"Dedicated AI artist with some NSFW/R18 artwork"
did:plc:jwyvwehzohlqmbsuhefalxhb,renonisemono.bsky.social,"Ecchi artist drawing anime characters with exposed panties/underwear"
did:plc:jycqmwzvd43ctbulmc35dbta,yukihisaito.bsky.social,"Posts about some random idol artist's concert called ""R 6th ANNIVERSARY Love LIVE"""
did:plc:drnye5vpnehpocrejzckgtnw,robertjstone.bsky.social,"Posts pics of moths whose species names contain ""liella"""
did:plc:vgnoutxrin7xg3vvehv7twux,toreka-tokyo.bsky.social,"Sale alert bot sometimes posting toreka.rare-sokuho.tokyo links instead of actual store links"
did:plc:b5qnar22yulplouxlkp5lvuf,rare-sokuho.bsky.social,"Sale alert bot posting rare-sokuho.tokyo links instead of actual store links"
did:plc:4263mnczyanoabnchvso7vbv,cianydeai.bsky.social,"Frequent NSFW/R18 AI generated artwork"
did:plc:t7axownstmt4xe2slvohysn6,paulanton35.bsky.social,"Misusing #lovelive to promote some nude pencil drawings"
did:plc:fh7funj57gl5zuwr3oujof7f,xemhinhanhdepvn.bsky.social,"Vietnamese spam bot posting random stuff"
did:plc:2sap55o52mapmtmd7hnwb566,brutoaimage.bsky.social,"Dedicated AI artist making AI generated artwork of anime characters with big boobs"
did:plc:cmywmad5sbbs4gdbcfrkalz5,keito397.bsky.social,"Japanese artist drawing mainly anime characters in swimsuits"
did:plc:j26hz4ifuxb55uhe3nbst2rt,notbrl.bsky.social,"First on Bluesky to post ""(I) love live loud music"""
did:plc:dr25vardybdwde43reiiitpm,citizenrocket.bsky.social,"Sometimes posts about ""Saint Snowday"""
did:plc:6ms3qdpeqieuhhfe2n2cabqy,anontroyano.bsky.social,"Posts leaked phone numbers of suspected pedophiles"
did:plc:uloo2css2kq6xw5rbwunuu6x,mktxxi.bsky.social,"Spammer account replying to random posts with random hashtags"
did:plc:4jckeotrhrjyuanvybfqvcog,agumin.bsky.social,"Dedicated AI artist with some NSFW/R18 artwork"
did:plc:cqq3sm2yhgtdswpweuygw4v4,kazusaking.bsky.social,"Only posts random articles"
did:plc:psdu5qt2tv5fopt5dc5vnbxj,bbcradio6musicbot.bsky.social,"Sometimes posts a song called ""Where Love Lives"""
did:plc:cl7lgkeoxgr75hlwv63qdzxc,6music.bsky.social,"Sometimes posts a song called ""Where Love Lives"""
did:plc:uk3w7osmgtnxbopn3n2hhjig,bbc6musicbot.bsky.social,"Sometimes posts a song called ""Where Love Lives"""
did:plc:tk647rqbpf22lru5whjf64u3,urapiyo511.bsky.social,"Dedicated NSFW/R18 artist"
did:plc:c3632fpfteunbda54cj23yua,futsuyou25.bsky.social,"Frequent AI generated artwork of mostly anime characters in swimsuits"
did:plc:ghkq56jzgl7rrhuo2b462c4l,poko-kasuku.bsky.social,"Misusing #lovelive to promote their own cartoons"
did:plc:6oc67aggollvpw7mmog32ii5,wheatersdave.bsky.social,"Posts pics of moths whose species names contain ""liella"""
did:plc:4esaiftmhigxgjuydsp765h6,auxp.bsky.social,"Frequent NSFW/R18 3D artwork"
did:plc:xy7cx5qx4rg724f4mj23b4yd,oxicmar.bsky.social,"Dedicated NSFW/R18 artist, some aren't marked with content warnings by author"
did:plc:t2xfwoulm62eehrtyeyuufg3,sochraide.bsky.social,"Frequent NSFW/R18 AI generated artwork"
did:plc:duc4u6wzhaes7z3zchezbw6f,yoshy-02.bsky.social,"Dedicated AI artist with some NSFW/R18/ecchi artwork"
did:plc:ohtklm4e25ezxsdqd6etdlo2,kankurou.bsky.social,"Dedicated NSFW/R18 artist"
did:plc:bdhlfdurdrje652kw53jub7u,bd-sint.bsky.social,"Repeated posts using ""Love live the"" instead of ""Long live the"""
did:plc:mhjd46zhqlbb2mb4unasykdz,shellmatcher.bsky.social,"Dedicated NSFW/R18 artist"
did:plc:tnmosom7acbvgfznvr3hpybt,jeffrey-lee.bsky.social,"Repeated posts containing ""Mad Love Live"""
did:plc:ztgqa4apq2x6b3hns7kt5oi5,b0urbonstreet.bsky.social,"Dedicated NSFW/R18 artist"
did:plc:mxxsqyvixirgt5dlygbl3ytl,cavecineast.bsky.social,"Dedicated NSFW/R18 artist"
did:plc:y2a55ixztdgr6cnt6fxlgje5,animeproject.bsky.social,"Low quality articles with machine translations of anime video descriptions from YouTube"
did:plc:xrl75rajh3rnfdhcdbhocfw2,patrickbmooney.bsky.social,"Repeated posts containing ""Those who live with love live with eternity"" and ""in whom alone Love lives again?"""
did:plc:65nbzx7t34wwdvitsdsvv6v3,mblue.bsky.social,"Repeated posts containing ""fight love live"""
did:plc:eq3tz7bgvbue4zeysv4immdt,rawstory.bsky.social,"(SUSPENDED) Repeated posts containing ""Lielland"" (weird typo of Leyland/Lakeland, Florida), not to be confused with the real @rawstory.com"
did:plc:73rhvs7znxbad5bldt73m5g3,nary1114.bsky.social,"Dedicated NSFW/R18 artist, some aren't marked with content warnings by author"
did:plc:iijepcxupbar23443r6zdszm,thefarmms.bsky.social,"Repeated usage of #loveliveshere"
did:plc:r7igj2thygeyso3yacbdq6xj,araiaraya.bsky.social,"Frequent NSFW/R18 artwork, some aren't marked with content warnings by author"
did:plc:rbzdlabvhff5pjvxmh5tyfke,videochat.nl,"Only posts about camgirls"
did:plc:aziirrx3ck7zcy35jfs3kyss,arucadia114.bsky.social,"Dedicated NSFW/R18 AI artist"
did:plc:du56or5dp46ig4o25jysifvd,joylewds.bsky.social,"Dedicated NSFW/R18 artist"
did:plc:sezrtg3n5qwxhhaka53bcnhy,jieykiey.bsky.social,"Frequent NSFW/R18 artwork"
did:plc:id6lpcbhkyv26f4yuekrmplp,anagoniasan.bsky.social,"Dedicated NSFW/R18 artist"
did:plc:ekbkaksq7xfvjuvk7sgzfuj7,mikanaisuame9.bsky.social,"Dedicated NSFW/R18 artist"
did:plc:4fufnalid3zqai6v7zk4iy2b,livetapes.heads.social.ap.brid.gy,"Posts about live concert recordings, some have ""[concert name ending with Love] Live"" in their titles"
did:plc:ri2llbk4xmc4ij75hvewksy3,ajcproject.mas.to.ap.brid.gy,"Posts about live concert recordings, some have ""[concert name ending with Love] Live"" in their titles"
did:plc:vxk7kusvrko6uzku4d6ct2p6,looperhq.bsky.social,"News articles containing ""love lives"""
did:plc:azpspkyuef27pz3oe6fonb42,tanaillust.bsky.social,"Draws anime characters wearing swimsuits/underwear, some are NSFW/R18"
did:plc:wvynqoxmrfgqivax7dl2ow2q,candycander.bsky.social,"Dedicated NSFW/R18 artist"
did:plc:gly2b6fafodv5pomn7u6fslv,news0.bsky.social,"Posts Japanese headlines of random current events"
did:plc:zd25cervadj4jzhytuh45nk2,jennycopper.bsky.social,"(SUSPENDED) Sexy girl spam account posting links to lovelive.sbs"
did:plc:rzhmlht2kzqo64bb5rwsnyoe,marisajenny.bsky.social,"Spam account posting links to lovelive.sbs, possible duplicate of @jennycopper.bsky.social"
did:plc:qijuemmw5uvpgrtbsx4m2dwn,tsuranukko.bsky.social,"Dedicated NSFW/R18 artist"
did:plc:ojyv2jz5bdtioedjsp3pb7dv,jazzandbluesjrny.bsky.social,"Posts random videos of live jazz/blues performances, some have ""[song name ending with Love] live"" in their titles"
did:plc:traxg4jscmm3n3usqi76dsk2,cscv-bot.bsky.social,"Some posts mention an IRL researcher named Keke Tang"
did:plc:tivhl272lhmz4p3wiwgxphz5,animenewsdaily.us,"Article summary account, posts animenewsdaily.us links instead of links to original articles/videos/social media posts, possibly contains AI generated text"
did:plc:wvela7mj74jinysxnofiq7bg,husslook.bsky.social,"Repeated posts containing ""We Found Love live"""
did:plc:ckbmspm6z4fbcm3dls3i5niu,ricardoautobahn.co.uk,"Frequent posts about live music concerts not related to LoveLive"
did:plc:x2gb3aznxnx6smnzop2ff6js,unstable.aguiarvieira.pt,"(SUSPENDED) Bot posting mainly NSFW/R18 AI generated artwork from Reddit"
did:plc:pyegdkopxnhcw3orxp7gemnp,aciesampeu37.bsky.social,"Spam account posting random links"
did:plc:cezv2snxfm2ev4nu4vsknuqj,andymoorhouse.bsky.social,"Repeated irrelevant posts containing #lovelivemusic"
did:plc:5pjzzx2czulnn6go6bbkdl23,andreecwwaifus.bsky.social,"Reposts sexy artwork of anime girls by others, most of them are NSFW/R18/AI generated"
did:plc:tbctrt4t54kzdxvw36dugopc,rsspost.bsky.social,"News bot posting news.google.com redirect links"
did:plc:t7jpr3q46fkf64dbwxl3vwgd,biotorch.bsky.social,"Repeated misuse of #lovelive to promote irrelevant AI generated artwork"
did:plc:v2db4kqtxuuvtfor2aiy5myf,okayamadays.bsky.social,"Low quality news articles, related to @new3rd.bsky.social"
did:plc:dmnf6wo744hexizyswxdrmrx,fukuokadays.bsky.social,"Low quality news articles, related to @new3rd.bsky.social"
did:plc:bofxzujj5ozuiel3gcahmk57,bahraintoday.bsky.social,"Misusing random trending hashtags to promote news articles about current events"
did:plc:nyro4eu3dccbeqa6yfhmnrdw,kumamotodays.bsky.social,"Low quality news articles, related to @new3rd.bsky.social"
did:plc:cc7vlbfshf2rdl4ea226s6uo,okinawadays.bsky.social,"Low quality news articles, related to @new3rd.bsky.social"
did:plc:xlisf42xob4b326csgyl5e6j,norwan.bsky.social,"Dedicated NSFW/R18 artist"
did:plc:vsashxfszrcs5imc2lyfbobl,animebox-jp.bsky.social,"Low quality news articles"
did:plc:g5hh2ts676cksqx37jaxl4if,entamerush.bsky.social,"Low quality news articles"
did:plc:d2hgenptnms7bdd7rvngjggu,moneyzone.bsky.social,"Low quality news articles"
did:plc:d23nj4bo47tfpfymdbbrkmri,azur-momo.bsky.social,"Dedicated AI artist with some NSFW/R18/ecchi artwork"
did:plc:wnq3pgtjja6zsxfh25zsrluw,mattison.bsky.social,"Repeated political posts containing ""people you love live or die"""
did:plc:kcaz662zgicnmjeucm5ourj5,thescarkeez.bsky.social,"Frequent posts about live music performances not related to LoveLive"
did:plc:hfxrx7fup54ccf5wavjlcbt5,evangeline63.bsky.social,"Repeated political posts containing ""HIS LOVE LIVES ON"", also has once posted ""I love live oak trees"""
did:plc:cxuljk6veiukfizvj7won4sz,yamadu2d.bsky.social,"Dedicated NSFW/R18 artist, doesn't mark posts with content warnings"
did:plc:h5dtru4pxa2mqkeq6di46nen,yohhatu.bsky.social,"Uses „Çπ„ÇØ„Éï„Çß„Çπ for ""Scrum Fest"""
did:plc:nvsyoz5qx6n6ozjp7njgd3oc,peacewithself.bsky.social,"Makes motivational posts only, repeated misuse of #lovelive as a typo of #lovelife"
did:plc:2q5lsahsyyrhoderwkdar5ai,r34app.bsky.social,"Bot dedicated to posting NSFW/R18 hentai artwork"
did:plc:plgjd4dkx4aoc32ahy4qqf27,project-anime.bsky.social,"Japanese version of @animeproject.bsky.social, randomly spams the same post sometimes"
did:plc:3vbxj6zvjdoqjtavccjcdt6x,illegalifications.pds.mmatt.net,"Joke bot that posts handles of followers of a cred.blue canceler tool user individually"
did:plc:t6fgkpmqvnbfffppekpx6hd5,spinnellii.bsky.social,"Repeated posts containing ""Wait for Love live"" (song by Luther Vandross)"
did:plc:kctz4gw6ofmsmmths7m5vexk,grimacelewd.bsky.social,"NSFW fanfiction writer"
did:plc:nghp5l324okvsshlpl6fka72,waifuisekaioficial.bsky.social,"Dedicated NSFW/R18 AI artist"
did:plc:ncs76vqkdwnyr3uxt56v6j25,shingi-waou-02.bsky.social,"Dedicated NSFW/R18/ecchi AI artist"
did:plc:5lzmtku4m67j2hcyb4piul3w,dr-alu.com,"Dedicated NSFW/R18 AI artist"
did:plc:3aptauacrkvwgfcwxfmkmgl7,newtrendnew.bsky.social,"Low quality news articles"
did:plc:fnqw3cteobm66gnp6vigihzr,hiromitsuuuuu.bsky.social,"Uses „Çπ„ÇØ„Éï„Çß„Çπ for ""Scrum Fest"""
did:plc:fazxf5ghytmxijcjkj7f5r7w,gulshantwds.bsky.social,"Spammer who uses idol.st profile links to promote their own website about herbal medicine"
did:plc:kcbva7qlyiwf3mioouca34k4,bnfpupdates.bsky.social,"Posts about random K-Pop concerts with ""Love Live"" in their names"
did:plc:g4hg2zgkv5dyqr35bmjeekc6,alojapan.bsky.social,"Posts mostly low quality articles, has some articles written by an IRL Mia Taylor"
did:plc:ayjgiyvb3leirjs6ph7i7dyn,fromoldturkey.bsky.social,"Repeated irrelevant posts about old pics of the country Turkey containing ""Akira Gotou"" in text"
did:plc:syzawnnnxuitp4enkqb43jyh,stepkney-2.bsky.social,"Dedicated NSFW/R18 account"
did:plc:ap2m4g2gy6kfqj4f7rsx7occ,leggy4days.bsky.social,"NSFW roleplay account"
did:plc:i53e6y3liw2oaw4s6e6odw5m,bluesky.awakari.com,"Pollutes feed by republishing Bluesky posts by others"
did:plc:ad6lgpfgsl4f2banyq46c4xq,ymzn.bsky.social,"Uses „Çπ„ÇØ„Éï„Çß„Çπ for ""Scrum Fest"""
did:plc:e7crcgyyb3phxzti4isx53ln,varinillaice.bsky.social,"Dedicated NSFW/R18/lewd/fetish artist"
did:plc:fhmdftiewiywh5r2mwqtvifo,cssi-bot.bsky.social,"Some posts mention an IRL researcher named Keke Tang"
did:plc:qbej4rc7ffryrgzimbc55i2r,arxiv-cs-cr.bsky.social,"Some posts mention an IRL researcher named Keke Tang"
did:plc:jf3oraummcsfodflx5w5pouf,arxiv-cs-cl.bsky.social,"Some posts mention an IRL researcher named Keke Tang"
did:plc:iae4hwmnno7ioxalmxzex5xs,travelspot.bsky.social,"Low quality news articles"
did:plc:tbh5icq6mccwdlfco7g4vcgb,mynewstech.bsky.social,"Misusing random hashtags to promote their own articles"
did:plc:7yssufabjb2v7wcfyouhmk43,meguminx.bsky.social,"Dedicated NSFW/R18 artist"
did:plc:3kmz4fdm53vj5isvhe6vyrry,prostapure.bsky.social,"Spammer who uses idol.st profile links to promote their own website about prostate drugs"
did:plc:z7a5qmbzmby2vhz3xllzmltl,martin9125.bsky.social,"(SUSPENDED) Spams links (including idol.st profile links) to promote their own website about herbal supplements"
did:plc:up6wgdnqmvyitb4tq6w6tez6,thekempire.bsky.social,"Misusing #lovelive to promote their own livestreams"
did:plc:tzy7fp3fhfz3n7tlbvcninhv,bostonblues.bsky.social,"Posts stuff about blues music"
did:plc:4ekeqde2owp46kelwl3ps3wh,amzotoku.bsky.social,"Amazon.co.jp sale alert bot posting the same links regularly"
did:plc:3w5geoggevkptcml2f7n2apc,wombatpm.bsky.social,"Frequent political posts, once posted SIFAS for ""Sudden Infant Floating Away Syndrome"""
did:plc:kipse3txztd64u7po4majzxm,baaforce.bsky.social,"Reshares NSFW/R18 artwork by others"
did:plc:qvucnjembggvomkc23ra6dpr,seishinashi.bsky.social,"Dedicated foot fetish artist with some NSFW/R18 artwork"
did:plc:tiathm5q4bady3wbanvcuab6,otaku-reviews.bsky.social,"English version of @nijigen-daily.bsky.social, sometimes randomly resends the same posts"
did:plc:itqfxy2jmxem6y6c25czc2kj,edsomez.bsky.social,"Frequent NSFW/R18 furry artwork"
did:plc:gg744s3j52x4g5wlirtwxggd,xbuster18.bsky.social,"Dedicated NSFW/R18 artist"
did:plc:6flkd5j7g3dba66b6ao7eoju,radio2.bsky.social,"Sometimes posts a song called ""Where Love Lives"""
did:plc:y2du5wmsd7lsyoaluzwrdw3f,ellinidata.bsky.social,"Misused #lovelive as a typo of #lovelife"
did:plc:rdnicdralxrqjzn7ow7vly53,danyan-ai.com,"Dedicated AI artist with some NSFW/R18 artwork"
did:plc:vurovnadlobcntatincz5xq5,yuko-ai.bsky.social,"Dedicated AI artist with some NSFW/R18 artwork, spams pics for the same prompt"
did:plc:2yxot534cxmj5mszg6mkji4b,makapoo.bsky.social,"Koikatsu screenshots of anime characters with huge boobs, some are NSFW/R18"
did:plc:zj4scqhttwxvqwoqvnwizuve,makapoo1240.bsky.social,"Koikatsu screenshots of anime characters with huge boobs, some are NSFW/R18, alt of @makapoo.bsky.social"
did:plc:cl6d6ki7ah6fc3vimz7bpq2r,murdershelfbkclub.bsky.social,"Misused #lovelive in posts promoting the account"
did:plc:iewke3rjkkhsglyckuxanfsn,celebrityupdate.bsky.social,"(SUSPENDED) Frequent posts about the love lives of celebrities"
did:plc:smubf7xpw35n57upfjah5wko,theoutfitsoutfits.bsky.social,"Sexy lingerie/costume sale alert bot"
did:plc:7kltxhu7tulnefz4klf5aoo4,dartshive.bsky.social,"Darts related sale alert bot posting unclickable bit.ly links instead of actual store links"
did:plc:lp2m7xtrrylt7mqr3d6nhek2,pennyvixen.bsky.social,"Repeated posts about a type of rose called Cerise Bouquet"
did:plc:yay6dz2m436lf55mdvtdhpnd,jin-hentai.bsky.social,"Dedicated NSFW/R18 AI artist"
did:plc:g2f7i3grrukjj2lbdfzxzqft,reggaenyc.bsky.social,"Posts about live reggae music in the NYC area"
did:plc:q65ciynilhnorpbj7z2g4hwm,ch2.bsky.social,"Bot that republishes posts from 5chan, sometimes posts in huge batches"
did:plc:37lm46sbrzz622ij4vucrceo,nflfantasynews.bsky.social,"Sometimes shares ùïè/Twitter posts by @SaintsNOW"
did:plc:otxoqzf24ies5oae7s6bab5k,reirin.art,"Dedicated NSFW/R18 line artist"
did:plc:vcrkvxnftr4mlbw7wvqugmlq,folkbytheoak.bsky.social,"Repeated irrelevant posts containing #lovelivemusic"
did:plc:eofghn2pyhtas6ogj3b2xjyw,ken.boltons.beer,"Posts random nonsense about everything anime, text is probably AI generated"
did:plc:gmoyirnb4dw77dforcm3ysgp,suxatgamespm.bsky.social,"Frequent NSFW/R18 artwork"
did:plc:aszsfxm7zhelamhzlwj7nl4r,marccantin.bsky.social,"Misusing random hashtags to promote his own videos"
did:plc:eyughl26sr4azb5nuuuwc66p,fredlanos.bsky.social,"Posts pics of random flowers"
did:plc:d77jww2hvlwygozowqvkkx6o,seizayukio.bsky.social,"Dedicated NSFW/R18 artist"
did:plc:4rhdcuejcnulso7ame6lkn34,brilliantclub.bsky.social,"Has a club member named Mia Taylor-Seal"
did:plc:zrbaxblmkdlaxx3k6qovzixk,courieryr2283.bsky.social,"Dedicated NSFW/R18 artist"
did:plc:x3ui2adxty53meflbdham5ut,dansavage.bsky.social,"The guy behind the Savage Love Live sex advice podcast"
did:plc:goz5nwkct47ojzgvr5t2xtms,benchidanda.bsky.social,"AI artist making AI generated artwork of anime characters wearing sexy swimsuits, some are NSFW/R18"
did:plc:3llcogwbhskgzfdnaqfrzzcv,2hulove.bsky.social,"Dedicated NSFW/R18 artist"
did:plc:zf7ienlzhwa7g7zh7d7pxqid,esgarotiv.bsky.social,"Dedicated NSFW/R18 artist"
did:plc:72re2linrchqe2hejdwrk4my,takerudetube.bsky.social,"New figures alert bot sometimes posting links to takerudetube.com instead of actual store links"
did:plc:6auahnh7noh2smde7z6me75u,totopro.bsky.social,"Misused #lovelive to promote his own AI generated artwork or as a typo of #lovelife"
did:plc:3tckimiomsgfqjwny3hvyc6g,leperscolony.pileofgarbage.net,"Repeated irrelevant posts containing ""catchu"""
did:plc:3mbqqo3dxddhl7nwqmghsn6a,cslg-bot.bsky.social,"Some posts mention an IRL researcher named Mia Taylor"
did:plc:ifemus7vdqm4ew2ai7r2leam,echonunu.bsky.social,"Dedicated NSFW/R18 AI artist"
did:plc:ockfjxca7vioqzyobr276ulc,manganovelnews.com,"New manga release alert bot posting manganovelnews.com links instead of dmm.com links"
did:plc:j5k6e6hf2rp4bkqk5sao56ad,jelkawasaki.bsky.social,"Random goods bot with tinyurl.com links in both URL and hashtags"
did:plc:blgldbsl2jvfwrg7q2kq44nb,tarkann.bsky.social,"Uses „Çπ„ÇØ„Éï„Çß„Çπ for ""Scrum Fest"""
did:plc:sruh6t5denssbqhheyfz2a5q,mecchajp.bsky.social,"Anime merch bot posting unclickable buff.ly links instead of actual store links"
did:plc:aj7l6nr2x44arw6xjkabz26a,agurijel1000.bsky.social,"Random goods bot with tinyurl.com links in both URL and hashtags"
did:plc:e7npjixyphmdxsoxqckkgceg,bhsjp.bsky.social,"Dedicated AI artist with some NSFW/R18 artwork"
did:plc:gsfrhchz4326iextha45xw7h,lasegunda.bsky.social,"Repeated mentions of @dunaliella.bsky.social"
did:plc:ni3azophk3gdsat3ubrwqgag,takaking22.bsky.social,"Uses „Çπ„ÇØ„Éï„Çß„Çπ for ""Scrum Fest"""
did:plc:cf7srffizmrttkceltxeq4hs,javolazart.bsky.social,"Dedicated NSFW/R18 artist"
did:plc:ypd623sroyr4crw2rvn55h5q,gamehack.bsky.social,"Low quality news articles"
did:plc:fw5tjomvjvta6dcui5nm2bgv,newsaffair.bsky.social,"Frequent posts about the love lives of celebrities, account marked with ""spam"" label by Bluesky Mod Service"
did:plc:7qs3lvkdjnzir6uipxwsn4if,maltahoy.bsky.social,"Repeated posts about ""Yohane Mbatizati"" (St. John the Baptist in Swahili)"
did:plc:7t2whpthqog7dbcb3zu6r7bs,celebritynewupdate.bsky.social,"(SUSPENDED) Spam account with posts about the love lives of celebrities, each post ends with ""buy from Amazon"" and a tinyurl.com link"
did:plc:42fen52cc7sgmtwwlnvpbb7q,secretsofcelebrity.bsky.social,"Spam account with posts about the love lives of celebrities, each post ends with ""buy from Amazon"" and a tinyurl.com link"
did:plc:pk6qyfslahqmq5t5zurniytn,loadofolbobbins.bsky.social,"Repeated posts about her own artwork of moths, some of them have their species names containing ""liella"""
did:plc:pb4iqo5afmok3c6a3wyadqkv,inmobi-info.bsky.social,"Low quality news articles, text is probably AI generated"
did:plc:qgx5uzhsr5r6uvmch334uyye,dinotits.bsky.social,"Dedicated NSFW/R18 artist"
did:plc:uujpkqh2wgwsshh5dj6my3dr,ezbz23.bsky.social,"Posts political stuff only, once posted a link to a Threads post by @tracyaron twice in a row"
did:plc:yfcekqtjpgjb32c7c6wvmvad,bishopjoey.bsky.social,"Repeated posts containing ""Some Kinda Love live"" (song by The Velvet Underground)"
did:plc:6bptn5broyg7sgvnolhfoeea,poptrt.bsky.social,"Repeated posts containing ""Your Love live"" (song by Jisoo)"
did:plc:eksd2pv5kxezp2zn4lbeocyt,hiroaki-15.bsky.social,"Dedicated AI artist with some NSFW/R18 artwork"
did:plc:j3xragxxoy7pdgxbw4y5tnjy,elsacorinthiana.bsky.social,"Dedicated NSFW/R18 AI artist"
